title;category;image;price;countInStock
BÀN HỌC GỖ SỒI;HÀNG GIA DỤNG;https://img.muji.net/img/item/4550344873939_400.jpg;7845000;3
TINH DẦU SẢ 10 ML;HÀNG GIA DỤNG;https://img.muji.net/img/item/4550344904145_400.jpg;294000;10
BỘ TUỐC NƠ VÍT ĐA NĂNG - 8 CÁI;HÀNG GIA DỤNG;https://img.muji.net/img/item/4945247676891_400.jpg;179000;7
THÙNG ĐỰNG ĐỒ NHỰA GẤP GỌN - L;HÀNG GIA DỤNG;https://img.muji.net/img/item/4945247686715_400.jpg;421000;8
GIẤY THẤM DẦU;HÀNG GIA DỤNG;https://img.muji.net/img/item/4945247715224_400.jpg;28000;1
ĐĨA SỨ MÀU BE / XL;HÀNG GIA DỤNG;https://img.muji.net/img/item/4945247614220_400.jpg;225000;100
TỦ CARTON DỌC NGANG - BE, 5 TẦNG;HÀNG GIA DỤNG;https://img.muji.net/img/item/4945247549201_400.jpg;1472000;3
TỦ CARTON DỌC NGANG - BE, 3 TẦNG;HÀNG GIA DỤNG;https://img.muji.net/img/item/4945247549195_400.jpg;981000;4
TỦ CARTON DỌC NGANG - BE, 2 TẦNG;HÀNG GIA DỤNG;https://img.muji.net/img/item/4945247549188_400.jpg;716000;12
CHAI CHIẾT TẠO BỌT 50ML;HÀNG GIA DỤNG;https://img.muji.net/img/item/4945247506846_400.jpg;78000;50
CHAI TẠO BỌT TRẮNG 400ML;HÀNG GIA DỤNG;https://img.muji.net/img/item/4945247506785_400.jpg;97000;24
CHAI TẠO BỌT TRẮNG 250ML;HÀNG GIA DỤNG;https://img.muji.net/img/item/4945247506778_400.jpg;97000;25
BÔNG TẮM TẠO BỌT SIZE S;HÀNG GIA DỤNG;https://img.muji.net/img/item/4945247506440_400.jpg;34000;34
GÔM PLASTIC ĐEN ;HÀNG GIA DỤNG;https://img.muji.net/img/item/4945247421347_400.jpg;14500;1000
GÔM PLASTIC;HÀNG GIA DỤNG;https://img.muji.net/img/item/4945247421323_400.jpg;14500;1000
HỘP NHỰA ĐỰNG CON DẤU;HÀNG GIA DỤNG;https://img.muji.net/img/item/4945247420685_400.jpg;48000;100
GIỎ NYLON LƯỚI ĐỰNG ĐỒ GIẶT;HÀNG GIA DỤNG;https://img.muji.net/img/item/4550344593530_400.jpg;539000;23
BỘ CHĂN GA GỐI 6 MÓN - S;HÀNG GIA DỤNG;https://img.muji.net/img/item/4550182586862_400.jpg;1717000;2
ĐŨA TRE 21CM;HÀNG GIA DỤNG;https://img.muji.net/img/item/4945247383249_400.jpg;97000;3
ĐŨA TRE 23CM;HÀNG GIA DỤNG;https://img.muji.net/img/item/4945247383232_400.jpg;97000;4
GIÁ SỨ GÁC MUÔI MÀU BE;HÀNG GIA DỤNG;https://img.muji.net/img/item/4945247382624_400.jpg;195000;234
GIỎ MÂY CHỮ NHẬT CÓ NẮP;HÀNG GIA DỤNG, DỤNG CỤ LƯU TRỮ;https://img.muji.net/img/item/4945247381337_400.jpg;399000;21
GIỎ MÂY XẾP CHỒNG CHỮ NHẬT - L;HÀNG GIA DỤNG, DỤNG CỤ LƯU TRỮ;https://img.muji.net/img/item/4945247381313_400.jpg;599000;1
GIỎ MÂY XẾP CHỒNG CHỮ NHẬT - M;HÀNG GIA DỤNG, DỤNG CỤ LƯU TRỮ;https://img.muji.net/img/item/4945247381306_400.jpg;449000;1
TĂM BÔNG CÓ ĐẦU LẤY RÁY TAI;HÀNG GIA DỤNG;https://img.muji.net/img/item/4945247320992_400.jpg;38000;1
HỘP NGĂN KÉO NGANG NHỰA RỘNG - M;HÀNG GIA DỤNG;https://img.muji.net/img/item/4945247266740_400.jpg;441000;1
HỘP NGĂN KÉO NGANG NHỰA RỘNG - S;HÀNG GIA DỤNG;https://img.muji.net/img/item/4945247266733_400.jpg;372000;1
BAO THƯ THỦ CÔNG;HÀNG GIA DỤNG;https://img.muji.net/img/item/4945247210224_400.jpg;38000;1
ĐẦU XỊT PHUN SƯƠNG ;HÀNG GIA DỤNG;https://img.muji.net/img/item/4945247188240_400.jpg;38000;4
ĐẦU NHẤN CHO CHAI CHIẾT;HÀNG GIA DỤNG;https://img.muji.net/img/item/4945247135596_400.jpg;38000;5
BÌA TRÌNH KÝ;HÀNG GIA DỤNG;https://img.muji.net/img/item/4945247134728_400.jpg;127000;223
MIẾNG CẠO CẶN BẨN BẰNG SILICON;HÀNG GIA DỤNG;https://img.muji.net/img/item/4945247109139_400.jpg;127000;5
CA MÚC NƯỚC NHỰA PP TRẮNG;HÀNG GIA DỤNG;https://img.muji.net/img/item/4945247027877_400.jpg;97000;2
GHẾ PHÒNG TẮM NHỰA PP;HÀNG GIA DỤNG;https://img.muji.net/img/item/4945247027860_400.jpg;176000;4
HỘP QUÀ CHỮ NHẬT;HÀNG GIA DỤNG;https://img.muji.net/img/item/4934761849836_400.jpg;33000;90
HỘP QUÀ VUÔNG;HÀNG GIA DỤNG;https://img.muji.net/img/item/4934761849829_400.jpg;38000;87
DỤNG CỤ MANG GIÀY TÂY NHỎ;HÀNG GIA DỤNG;https://img.muji.net/img/item/4934761837871_400.jpg;129000;4
BÀN CHẢI QUẦN ÁO GẤP ĐƯỢC;HÀNG GIA DỤNG;https://img.muji.net/img/item/4934761836553_400.jpg;68000;4
THẢM CHỐNG TRƯỢT - L ;HÀNG GIA DỤNG;https://img.muji.net/img/item/4934761833415_400.jpg;244000;2
BẤM KIM NHỰA ABS;HÀNG GIA DỤNG;https://img.muji.net/img/item/4934761799070_400.jpg;127000;11
